id,beacon1,beacon2,beacon3,location
1,-87,-71,-79,3
2,-999,-999,-999,3
3,-999,-999,-999,3
4,-999,-93,-49,3
5,-999,-999,-999,3
6,-999,-91,-44,3
7,-999,-99,-47,3
8,-999,-999,-999,3
9,-999,-94,-44,3
10,-999,-90,-47,3
11,-999,-94,-44,3
12,-999,-999,-999,3
13,-999,-91,-45,3
14,-103,-96,-44,3
15,-999,-999,-47,3
16,-999,-90,-45,3
17,-999,-999,-999,3
18,-999,-999,-47,3
19,-999,-90,-46,3
20,-999,-95,-44,3
21,-999,-999,-999,3
22,-999,-94,-44,3
23,-999,-100,-47,3
24,-999,-90,-45,3
25,-999,-999,-999,3
26,-999,-90,-45,3
27,-999,-92,-44,3
28,-999,-89,-48,3
29,-999,-90,-999,3
30,-999,-999,-999,3
31,-999,-99,-47,3
32,-999,-90,-47,3
33,-999,-100,-47,3
34,-999,-999,-999,3
35,-999,-999,-999,3
36,-999,-96,-44,3
37,-999,-999,-48,3
38,-999,-90,-47,3
39,-999,-95,-45,3
40,-999,-999,-999,3
41,-999,-89,-45,3
42,-999,-98,-44,3
43,-999,-97,-48,3
44,-999,-89,-45,3
45,-999,-99,-47,3
46,-999,-90,-45,3
47,-999,-96,-44,3
48,-999,-999,-47,3
49,-999,-999,-999,3
50,-999,-96,-44,3
51,-999,-999,-47,3
52,-999,-90,-45,3
53,-999,-97,-44,3
54,-999,-97,-44,3
55,-999,-90,-45,3
56,-999,-97,-44,3
57,-999,-999,-47,3
58,-999,-90,-45,3
59,-999,-999,-47,3
60,-999,-90,-47,3
61,-999,-94,-44,3
62,-999,-999,-47,3
63,-999,-999,-999,3
64,-999,-97,-44,3
65,-999,-999,-47,3
66,-999,-90,-45,3
67,-999,-90,-45,3
68,-999,-999,-999,3
69,-999,-89,-45,3
70,-999,-97,-45,3
71,-999,-90,-47,3
72,-999,-89,-45,3
73,-999,-999,-47,3
74,-999,-89,-45,3
75,-999,-96,-44,3
76,-999,-999,-999,3
77,-999,-999,-48,3
78,-999,-999,-999,3
79,-999,-97,-44,3
80,-999,-96,-44,3
81,-999,-89,-45,3
82,-999,-96,-44,3
83,-999,-999,-999,3
84,-999,-89,-45,3
85,-999,-97,-44,3
86,-999,-89,-45,3
87,-999,-999,-999,3
88,-999,-999,-999,3
89,-999,-999,-48,3
90,-999,-999,-999,3
91,-999,-90,-45,3
92,-999,-96,-44,3
93,-999,-999,-47,3
94,-999,-999,-999,3
95,-97,-96,-44,3
96,-999,-999,-46,3
97,-999,-90,-45,3
98,-999,-89,-46,3
99,-999,-999,-999,3
100,-999,-89,-44,3
101,-999,-96,-44,3
102,-999,-999,-47,3
103,-999,-89,-45,3
104,-999,-94,-44,3
105,-999,-999,-999,3
106,-999,-90,-45,3
107,-999,-999,-47,3
108,-999,-91,-45,3
109,-999,-999,-999,3
110,-999,-102,-46,3
111,-999,-90,-45,3
112,-999,-999,-47,3
113,-999,-999,-999,3
114,-999,-94,-44,3
115,-999,-90,-49,3
116,-999,-90,-45,3
117,-999,-999,-999,3
118,-999,-90,-45,3
119,-999,-96,-44,3
120,-999,-90,-47,3
121,-999,-999,-999,3
122,-999,-999,-47,3
123,-999,-90,-45,3
124,-999,-92,-44,3
125,-999,-999,-49,3
126,-999,-98,-43,3
127,-999,-102,-47,3
128,-999,-90,-47,3
129,-999,-999,-999,3
130,-999,-95,-44,3
131,-999,-90,-45,3
132,-999,-96,-44,3
133,-999,-999,-47,3
134,-999,-90,-46,3
135,-999,-999,-47,3
136,-999,-999,-999,3
137,-999,-90,-45,3
138,-999,-90,-46,3
139,-999,-97,-44,3
140,-999,-96,-44,3
141,-999,-999,-999,3
142,-999,-96,-44,3
143,-999,-96,-44,3
144,-999,-999,-47,3
145,-999,-90,-44,3
146,-999,-96,-45,3
147,-999,-999,-999,3
148,-999,-90,-45,3
149,-999,-96,-44,3
150,-999,-999,-999,3
151,-999,-90,-45,3
152,-999,-90,-45,3
153,-999,-999,-47,3
154,-999,-90,-44,3
155,-999,-89,-44,3
156,-999,-95,-42,3
157,-999,-999,-47,3
158,-999,-96,-43,3
159,-999,-999,-999,3
160,-999,-90,-47,3
161,-999,-90,-46,3
162,-999,-96,-50,3
163,-999,-999,-999,3
164,-999,-999,-999,3
165,-999,-90,-45,3
166,-999,-96,-44,3
167,-999,-999,-47,3
168,-999,-999,-999,3
169,-999,-89,-45,3
170,-999,-999,-47,3
171,-999,-90,-45,3
172,-999,-96,-44,3
173,-999,-999,-47,3
174,-999,-97,-44,3
175,-999,-999,-44,3
176,-999,-999,-46,3
177,-999,-91,-45,3
178,-999,-96,-44,3
179,-999,-999,-999,3
180,-999,-999,-999,3
181,-999,-89,-45,3
182,-999,-999,-999,3
183,-999,-96,-44,3
184,-999,-999,-46,3
185,-999,-89,-45,3
186,-999,-90,-45,3
187,-999,-999,-999,3
188,-999,-999,-47,3
189,-999,-89,-45,3
190,-999,-96,-44,3
191,-999,-999,-47,3
192,-999,-999,-999,3
193,-999,-96,-44,3
194,-999,-91,-47,3
195,-999,-89,-46,3
196,-999,-999,-44,3
197,-999,-96,-48,3
198,-999,-999,-999,3
199,-999,-89,-45,3
200,-999,-999,-999,3
201,-999,-96,-42,3
202,-999,-999,-999,3
203,-999,-89,-47,3
204,-999,-89,-46,3
205,-999,-96,-45,3
206,-999,-999,-999,3
207,-999,-95,-43,3
208,-999,-999,-999,3
209,-999,-102,-47,3
210,-999,-90,-45,3
211,-999,-999,-50,3
212,-999,-89,-999,3
213,-999,-90,-44,3
214,-999,-999,-47,3
215,-999,-89,-45,3
216,-999,-999,-46,3
217,-999,-999,-45,3
218,-999,-89,-45,3
219,-999,-97,-44,3
220,-999,-999,-47,3
221,-999,-999,-999,3
222,-999,-95,-44,3
223,-999,-999,-47,3
224,-999,-90,-45,3
225,-999,-97,-44,3
226,-999,-97,-44,3
227,-999,-999,-999,3
228,-999,-89,-44,3
229,-999,-97,-45,3
230,-999,-999,-47,3
231,-999,-89,-45,3
232,-999,-999,-47,3
233,-999,-89,-47,3
234,-999,-95,-44,3
235,-999,-999,-47,3
236,-999,-999,-999,3
237,-999,-97,-44,3
238,-999,-999,-47,3
239,-999,-90,-45,3
240,-999,-999,-999,3
241,-999,-999,-999,3
242,-999,-90,-44,3
243,-999,-95,-44,3
244,-999,-90,-45,3
245,-999,-999,-999,3
246,-999,-999,-48,3
247,-999,-90,-45,3
248,-999,-95,-44,3
249,-999,-999,-48,3
250,-999,-96,-44,3
251,-999,-102,-47,3
252,-999,-90,-45,3
253,-999,-95,-44,3
254,-999,-89,-45,3
255,-999,-90,-45,3
256,-999,-999,-999,3
257,-999,-90,-48,3
258,-999,-90,-45,3
259,-999,-999,-47,3
260,-999,-999,-48,3
261,-999,-90,-46,3
262,-999,-97,-44,3
263,-999,-96,-44,3
264,-999,-999,-47,3
265,-999,-97,-44,3
266,-999,-999,-47,3
267,-999,-90,-45,3
268,-999,-96,-44,3
269,-999,-999,-999,3
270,-999,-91,-45,3
271,-999,-96,-45,3
272,-999,-999,-47,3
273,-999,-90,-45,3
274,-999,-999,-999,3
275,-999,-999,-999,3
276,-999,-999,-47,3
277,-999,-89,-47,3
278,-999,-97,-44,3
279,-999,-97,-49,3
280,-999,-97,-47,3
281,-999,-90,-46,3
282,-999,-90,-48,3
283,-999,-97,-45,3
284,-999,-101,-46,3
285,-999,-96,-45,3
286,-999,-999,-47,3
287,-999,-89,-45,3
288,-999,-95,-44,3
289,-999,-999,-47,3
290,-999,-999,-49,3
291,-999,-999,-999,3
292,-999,-999,-999,3
293,-999,-97,-47,3
294,-999,-999,-46,3
295,-999,-90,-46,3
296,-999,-96,-50,3
297,-999,-999,-999,3
298,-999,-90,-45,3
299,-999,-97,-44,3
300,-999,-999,-48,3
301,-999,-90,-45,3
302,-999,-999,-999,3
303,-999,-999,-999,3
304,-999,-999,-47,3
305,-999,-999,-999,3
306,-999,-89,-45,3
307,-999,-97,-45,3
308,-999,-999,-999,3
309,-999,-999,-48,3
310,-999,-999,-999,3
311,-999,-96,-44,3
312,-999,-999,-47,3
313,-999,-90,-45,3
314,-999,-97,-45,3
315,-999,-999,-999,3
316,-999,-89,-45,3
317,-999,-95,-44,3
318,-999,-999,-47,3
319,-999,-90,-45,3
320,-999,-999,-999,3
321,-999,-999,-47,3
322,-999,-90,-45,3
323,-999,-999,-46,3
324,-999,-999,-999,3
325,-999,-97,-44,3
326,-999,-90,-48,3
327,-999,-91,-45,3
328,-999,-999,-999,3
329,-999,-90,-44,3
330,-999,-97,-44,3
331,-999,-999,-47,3
332,-999,-90,-45,3
333,-999,-98,-44,3
334,-999,-89,-45,3
335,-999,-89,-45,3
336,-999,-999,-44,3
337,-999,-89,-45,3
338,-999,-999,-999,3
339,-999,-90,-49,3
340,-999,-90,-51,3
341,-999,-999,-46,3
342,-999,-999,-999,3
343,-999,-95,-44,3
344,-999,-999,-47,3
345,-999,-90,-46,3
346,-999,-95,-44,3
347,-999,-999,-999,3
348,-999,-91,-45,3
349,-999,-98,-44,3
350,-999,-90,-48,3
351,-999,-999,-999,3
352,-999,-999,-47,3
353,-999,-90,-45,3
354,-999,-97,-44,3
355,-999,-999,-999,3
356,-999,-98,-44,3
357,-999,-999,-47,3
358,-999,-89,-45,3
359,-999,-96,-44,3
360,-999,-999,-999,3
361,-999,-89,-45,3
362,-999,-999,-999,3
363,-999,-98,-44,3
364,-999,-90,-48,3
365,-999,-90,-46,3
366,-999,-999,-47,3
367,-999,-89,-45,3
368,-999,-94,-44,3
369,-999,-96,-44,3
370,-999,-999,-999,3
371,-999,-999,-999,3
372,-999,-96,-44,3
373,-999,-89,-48,3
374,-999,-89,-45,3
375,-999,-97,-45,3
376,-999,-999,-999,3
377,-999,-90,-46,3
378,-999,-96,-44,3
379,-999,-999,-46,3
380,-999,-90,-47,3
381,-999,-90,-45,3
382,-999,-999,-46,3
383,-999,-89,-45,3
384,-999,-98,-44,3
385,-999,-999,-46,3
386,-999,-999,-999,3
387,-999,-999,-999,3
388,-999,-97,-44,3
389,-999,-999,-47,3
390,-999,-90,-45,3
391,-999,-91,-45,3
392,-999,-96,-44,3
393,-999,-999,-999,3
394,-999,-90,-45,3
395,-999,-999,-45,3
396,-999,-94,-45,3
397,-999,-999,-47,3
398,-999,-90,-45,3
399,-999,-90,-45,3
400,-999,-999,-999,3
401,-999,-999,-47,3
402,-999,-999,-49,3
403,-999,-89,-45,3
404,-999,-96,-44,3
405,-999,-999,-46,3
406,-999,-999,-999,3
407,-999,-94,-45,3
408,-999,-999,-48,3
409,-999,-999,-47,3
410,-999,-89,-45,3
411,-999,-98,-44,3
412,-999,-999,-999,3
413,-999,-90,-45,3
414,-999,-96,-44,3
415,-999,-96,-44,3
416,-999,-90,-45,3
417,-999,-999,-999,3
418,-999,-999,-47,3
419,-999,-90,-45,3
420,-999,-89,-45,3
421,-999,-999,-999,3
422,-999,-97,-44,3
423,-999,-999,-48,3
424,-999,-999,-48,3
425,-999,-999,-999,3
426,-999,-96,-44,3
427,-999,-999,-47,3
428,-999,-90,-46,3
429,-999,-99,-44,3
430,-999,-999,-999,3
431,-999,-90,-45,3
432,-999,-96,-44,3
433,-999,-90,-45,3
434,-999,-94,-45,3
435,-999,-90,-46,3
436,-999,-999,-999,3
437,-999,-96,-44,3
438,-999,-999,-47,3
439,-999,-999,-999,3
440,-999,-95,-44,3
441,-999,-92,-47,3
442,-999,-96,-44,3
443,-999,-999,-999,3
444,-999,-90,-45,3
445,-999,-95,-42,3
446,-999,-999,-47,3
447,-999,-90,-45,3
448,-999,-89,-45,3
449,-999,-89,-45,3
450,-999,-94,-44,3
451,-999,-90,-45,3
452,-999,-91,-45,3
453,-999,-999,-999,3
454,-999,-95,-44,3
455,-999,-90,-45,3
456,-999,-91,-46,3
457,-999,-999,-999,3
458,-999,-91,-45,3
459,-999,-999,-46,3
460,-999,-90,-45,3
461,-999,-101,-47,3
462,-999,-90,-45,3
463,-999,-91,-45,3
464,-999,-999,-47,3
465,-999,-97,-44,3
466,-999,-999,-47,3
467,-999,-90,-45,3
468,-999,-96,-44,3
469,-999,-999,-999,3
470,-999,-89,-45,3
471,-999,-95,-46,3
472,-999,-90,-49,3
473,-999,-95,-44,3
474,-999,-90,-45,3
475,-999,-91,-45,3
476,-999,-95,-44,3
477,-999,-90,-46,3
478,-999,-999,-999,3
479,-999,-999,-47,3
480,-999,-90,-45,3
481,-999,-999,-47,3
482,-999,-96,-44,3
483,-999,-999,-45,3
484,-999,-90,-45,3
485,-999,-96,-44,3
486,-999,-999,-999,3
487,-999,-92,-44,3
488,-999,-90,-46,3
489,-999,-90,-45,3
490,-999,-96,-44,3
491,-999,-999,-46,3
492,-999,-999,-999,3
493,-999,-999,-47,3
494,-999,-92,-45,3
495,-999,-91,-45,3
496,-999,-999,-48,3
497,-999,-90,-45,3
498,-999,-94,-46,3
499,-999,-92,-46,3
500,-999,-999,-999,3
501,-999,-96,-45,3
502,-999,-999,-999,3
503,-999,-91,-47,3
504,-999,-91,-46,3
505,-999,-999,-999,3
506,-999,-91,-46,3
507,-999,-90,-45,3
508,-999,-94,-44,3
509,-999,-97,-44,3
510,-999,-999,-999,3
511,-78,-73,-93,2
512,-86,-59,-97,2
513,-87,-75,-92,2
514,-999,-999,-999,2
515,-91,-72,-94,2
516,-84,-74,-93,2
517,-86,-74,-92,2
518,-84,-73,-92,2
519,-83,-73,-101,2
520,-84,-73,-92,2
521,-999,-999,-999,2
522,-92,-71,-97,2
523,-85,-71,-90,2
524,-83,-73,-92,2
525,-91,-71,-999,2
526,-81,-74,-90,2
527,-82,-70,-999,2
528,-85,-74,-97,2
529,-999,-999,-999,2
530,-82,-72,-94,2
531,-84,-73,-92,2
532,-85,-73,-93,2
533,-81,-73,-96,2
534,-92,-73,-92,2
535,-999,-999,-999,2
536,-90,-70,-87,2
537,-94,-74,-90,2
538,-92,-70,-999,2
539,-91,-71,-999,2
540,-81,-72,-92,2
541,-88,-71,-999,2
542,-84,-75,-89,2
543,-82,-72,-999,2
544,-999,-999,-999,2
545,-82,-77,-90,2
546,-82,-73,-93,2
547,-90,-70,-98,2
548,-84,-74,-97,2
549,-90,-72,-97,2
550,-86,-73,-103,2
551,-80,-72,-93,2
552,-82,-71,-89,2
553,-82,-71,-92,2
554,-88,-71,-95,2
555,-88,-70,-97,2
556,-89,-73,-999,2
557,-999,-999,-999,2
558,-84,-71,-93,2
559,-83,-72,-89,2
560,-82,-71,-87,2
561,-87,-76,-93,2
562,-999,-999,-999,2
563,-86,-73,-92,2
564,-84,-73,-88,2
565,-84,-73,-94,2
566,-86,-73,-92,2
567,-82,-72,-999,2
568,-92,-71,-97,2
569,-90,-71,-999,2
570,-85,-72,-100,2
571,-85,-74,-100,2
572,-79,-72,-89,2
573,-78,-71,-87,2
574,-999,-999,-999,2
575,-90,-73,-99,2
576,-81,-71,-90,2
577,-87,-70,-93,2
578,-92,-82,-94,2
579,-91,-70,-999,2
580,-91,-75,-96,2
581,-88,-76,-97,2
582,-81,-82,-97,2
583,-999,-999,-999,2
584,-90,-65,-96,2
585,-90,-70,-89,2
586,-89,-67,-96,2
587,-86,-65,-91,2
588,-84,-66,-91,2
589,-999,-999,-999,2
590,-90,-70,-90,2
591,-81,-70,-89,2
592,-81,-65,-95,2
593,-96,-68,-90,2
594,-80,-69,-93,2
595,-90,-68,-90,2
596,-94,-68,-91,2
597,-999,-999,-999,2
598,-82,-65,-93,2
599,-94,-68,-92,2
600,-999,-999,-999,2
601,-999,-999,-999,2
602,-85,-65,-95,2
603,-82,-68,-91,2
604,-91,-68,-92,2
605,-80,-69,-91,2
606,-82,-65,-94,2
607,-91,-68,-90,2
608,-82,-65,-92,2
609,-93,-67,-91,2
610,-81,-69,-92,2
611,-81,-64,-92,2
612,-80,-65,-999,2
613,-82,-65,-999,2
614,-91,-67,-91,2
615,-82,-70,-91,2
616,-82,-65,-999,2
617,-81,-69,-92,2
618,-80,-70,-92,2
619,-91,-68,-90,2
620,-81,-69,-92,2
621,-81,-69,-92,2
622,-88,-68,-90,2
623,-80,-69,-93,2
624,-81,-65,-999,2
625,-90,-68,-90,2
626,-999,-999,-999,2
627,-90,-65,-96,2
628,-90,-68,-90,2
629,-80,-70,-91,2
630,-82,-65,-999,2
631,-81,-69,-91,2
632,-80,-65,-94,2
633,-91,-70,-92,2
634,-999,-69,-91,2
635,-90,-68,-91,2
636,-89,-68,-91,2
637,-83,-65,-94,2
638,-89,-68,-93,2
639,-999,-999,-999,2
640,-82,-65,-92,2
641,-81,-69,-90,2
642,-93,-65,-92,2
643,-80,-69,-91,2
644,-82,-65,-94,2
645,-94,-68,-92,2
646,-80,-69,-91,2
647,-94,-68,-93,2
648,-81,-69,-92,2
649,-82,-65,-94,2
650,-93,-68,-91,2
651,-82,-65,-91,2
652,-91,-68,-90,2
653,-81,-69,-91,2
654,-81,-65,-93,2
655,-82,-70,-90,2
656,-999,-999,-999,2
657,-82,-65,-90,2
658,-91,-68,-92,2
659,-999,-999,-999,2
660,-91,-68,-90,2
661,-81,-69,-91,2
662,-82,-65,-91,2
663,-999,-999,-999,2
664,-81,-65,-93,2
665,-79,-68,-92,2
666,-80,-69,-92,2
667,-82,-65,-92,2
668,-82,-65,-89,2
669,-80,-70,-92,2
670,-999,-68,-90,2
671,-81,-69,-93,2
672,-82,-69,-93,2
673,-94,-68,-90,2
674,-82,-65,-94,2
675,-97,-68,-90,2
676,-81,-69,-92,2
677,-80,-65,-93,2
678,-80,-69,-91,2
679,-81,-65,-92,2
680,-82,-65,-92,2
681,-999,-999,-999,2
682,-93,-67,-90,2
683,-94,-68,-88,2
684,-80,-65,-999,2
685,-94,-68,-91,2
686,-80,-69,-92,2
687,-94,-68,-90,2
688,-80,-69,-92,2
689,-80,-65,-999,2
690,-94,-68,-90,2
691,-999,-999,-999,2
692,-82,-65,-97,2
693,-92,-67,-91,2
694,-97,-68,-90,2
695,-82,-65,-94,2
696,-999,-999,-999,2
697,-80,-70,-92,2
698,-84,-64,-91,2
699,-80,-69,-94,2
700,-999,-999,-999,2
701,-80,-68,-90,2
702,-80,-69,-93,2
703,-84,-69,-97,2
704,-97,-68,-89,2
705,-83,-65,-98,2
706,-83,-65,-91,2
707,-78,-67,-91,2
708,-93,-68,-91,2
709,-79,-69,-92,2
710,-84,-69,-93,2
711,-96,-68,-91,2
712,-78,-70,-92,2
713,-94,-68,-91,2
714,-79,-69,-92,2
715,-81,-65,-92,2
716,-93,-68,-90,2
717,-999,-999,-999,2
718,-999,-999,-999,2
719,-82,-65,-94,2
720,-92,-68,-90,2
721,-79,-69,-91,2
722,-82,-65,-94,2
723,-999,-999,-999,2
724,-80,-69,-93,2
725,-82,-65,-95,2
726,-82,-63,-95,2
727,-80,-70,-92,2
728,-999,-999,-999,2
729,-91,-68,-90,2
730,-79,-69,-92,2
731,-93,-68,-89,2
732,-999,-999,-999,2
733,-82,-65,-94,2
734,-93,-68,-91,2
735,-94,-69,-91,2
736,-81,-65,-999,2
737,-95,-68,-90,2
738,-80,-69,-89,2
739,-83,-65,-94,2
740,-92,-68,-90,2
741,-999,-68,-999,2
742,-82,-65,-92,2
743,-79,-68,-93,2
744,-999,-999,-999,2
745,-82,-65,-96,2
746,-78,-69,-92,2
747,-83,-64,-93,2
748,-93,-68,-90,2
749,-79,-69,-93,2
750,-999,-999,-999,2
751,-94,-68,-90,2
752,-80,-69,-94,2
753,-83,-65,-95,2
754,-999,-999,-999,2
755,-82,-65,-95,2
756,-92,-68,-89,2
757,-78,-69,-93,2
758,-999,-65,-999,2
759,-80,-69,-91,2
760,-83,-65,-92,2
761,-93,-67,-90,2
762,-94,-68,-89,2
763,-85,-66,-94,2
764,-90,-68,-94,2
765,-78,-69,-90,2
766,-83,-65,-95,2
767,-78,-70,-90,2
768,-82,-65,-91,2
769,-95,-68,-89,2
770,-78,-69,-91,2
771,-999,-999,-999,2
772,-999,-999,-999,2
773,-92,-67,-93,2
774,-80,-69,-92,2
775,-81,-65,-94,2
776,-94,-65,-91,2
777,-80,-71,-91,2
778,-83,-65,-95,2
779,-80,-70,-93,2
780,-999,-999,-999,2
781,-92,-68,-90,2
782,-79,-70,-91,2
783,-81,-65,-95,2
784,-93,-68,-90,2
785,-84,-65,-91,2
786,-999,-68,-90,2
787,-80,-69,-92,2
788,-83,-65,-93,2
789,-81,-65,-90,2
790,-86,-70,-96,2
791,-999,-68,-90,2
792,-80,-69,-92,2
793,-86,-65,-999,2
794,-80,-69,-91,2
795,-84,-65,-93,2
796,-999,-68,-90,2
797,-80,-69,-93,2
798,-100,-67,-89,2
799,-78,-69,-91,2
800,-82,-65,-90,2
801,-91,-68,-89,2
802,-82,-65,-93,2
803,-92,-68,-90,2
804,-80,-69,-92,2
805,-80,-66,-94,2
806,-80,-70,-92,2
807,-999,-999,-999,2
808,-83,-65,-92,2
809,-92,-70,-91,2
810,-82,-64,-91,2
811,-92,-68,-91,2
812,-82,-65,-94,2
813,-999,-999,-999,2
814,-80,-69,-91,2
815,-82,-65,-94,2
816,-94,-69,-91,2
817,-80,-69,-93,2
818,-91,-68,-91,2
819,-81,-69,-92,2
820,-80,-65,-92,2
821,-94,-67,-92,2
822,-80,-65,-91,2
823,-95,-68,-90,2
824,-80,-69,-92,2
825,-82,-65,-92,2
826,-80,-70,-94,2
827,-82,-65,-92,2
828,-90,-68,-90,2
829,-80,-69,-91,2
830,-95,-68,-90,2
831,-96,-68,-91,2
832,-81,-65,-95,2
833,-99,-68,-90,2
834,-80,-65,-90,2
835,-80,-66,-91,2
836,-94,-69,-91,2
837,-80,-65,-91,2
838,-95,-70,-91,2
839,-93,-68,-90,2
840,-80,-65,-93,2
841,-94,-68,-90,2
842,-999,-999,-999,2
843,-82,-65,-96,2
844,-97,-67,-90,2
845,-81,-65,-94,2
846,-999,-999,-999,2
847,-78,-69,-92,2
848,-81,-65,-92,2
849,-91,-68,-90,2
850,-78,-69,-90,2
851,-81,-70,-93,2
852,-82,-65,-93,2
853,-93,-68,-92,2
854,-78,-70,-92,2
855,-82,-65,-92,2
856,-999,-999,-999,2
857,-78,-69,-91,2
858,-80,-65,-94,2
859,-90,-68,-92,2
860,-78,-69,-90,2
861,-98,-67,-91,2
862,-79,-69,-91,2
863,-81,-65,-96,2
864,-82,-69,-91,2
865,-81,-69,-92,2
866,-96,-68,-91,2
867,-78,-69,-91,2
868,-96,-68,-92,2
869,-999,-999,-999,2
870,-83,-65,-95,2
871,-92,-68,-92,2
872,-78,-69,-90,2
873,-82,-65,-94,2
874,-81,-69,-92,2
875,-80,-69,-88,2
876,-99,-68,-92,2
877,-81,-69,-90,2
878,-999,-999,-999,2
879,-96,-68,-92,2
880,-81,-65,-999,2
881,-82,-66,-97,2
882,-999,-999,-999,2
883,-81,-65,-96,2
884,-96,-68,-89,2
885,-81,-69,-92,2
886,-80,-65,-95,2
887,-80,-69,-90,2
888,-79,-65,-94,2
889,-91,-68,-92,2
890,-80,-70,-97,2
891,-79,-65,-96,2
892,-999,-999,-999,2
893,-80,-69,-93,2
894,-89,-68,-92,2
895,-79,-69,-91,2
896,-78,-65,-92,2
897,-88,-68,-92,2
898,-999,-999,-999,2
899,-83,-65,-94,2
900,-94,-68,-91,2
901,-78,-70,-91,2
902,-79,-65,-91,2
903,-999,-999,-999,2
904,-79,-70,-91,2
905,-80,-70,-92,2
906,-81,-65,-999,2
907,-92,-68,-91,2
908,-80,-69,-91,2
909,-999,-999,-999,2
910,-89,-68,-92,2
911,-80,-70,-91,2
912,-80,-65,-92,2
913,-91,-68,-92,2
914,-80,-65,-94,2
915,-999,-999,-999,2
916,-90,-68,-90,2
917,-79,-69,-92,2
918,-81,-65,-94,2
919,-80,-70,-91,2
920,-80,-70,-91,2
921,-94,-68,-92,2
922,-79,-70,-92,2
923,-91,-68,-91,2
924,-91,-68,-92,2
925,-82,-65,-95,2
926,-999,-999,-999,2
927,-93,-69,-91,2
928,-81,-65,-96,2
929,-90,-68,-90,2
930,-79,-69,-91,2
931,-79,-70,-91,2
932,-94,-65,-91,2
933,-80,-70,-90,2
934,-81,-65,-95,2
935,-79,-69,-92,2
936,-80,-69,-91,2
937,-96,-65,-90,2
938,-999,-999,-999,2
939,-80,-70,-89,2
940,-999,-999,-999,2
941,-92,-68,-90,2
942,-79,-70,-92,2
943,-80,-65,-91,2
944,-999,-999,-999,2
945,-80,-65,-999,2
946,-80,-65,-96,2
947,-79,-69,-94,2
948,-82,-65,-999,2
949,-999,-999,-999,2
950,-80,-70,-90,2
951,-999,-999,-999,2
952,-81,-66,-96,2
953,-90,-69,-90,2
954,-80,-69,-91,2
955,-91,-68,-92,2
956,-79,-69,-91,2
957,-80,-65,-96,2
958,-92,-68,-91,2
959,-81,-65,-999,2
960,-94,-68,-90,2
961,-80,-69,-91,2
962,-80,-65,-92,2
963,-82,-65,-94,2
964,-80,-70,-90,2
965,-79,-65,-92,2
966,-91,-68,-92,2
967,-79,-69,-91,2
968,-89,-68,-92,2
969,-80,-70,-92,2
970,-81,-65,-94,2
971,-79,-70,-91,2
972,-89,-68,-90,2
973,-91,-69,-90,2
974,-82,-65,-93,2
975,-89,-68,-91,2
976,-81,-65,-97,2
977,-83,-65,-91,2
978,-79,-69,-91,2
979,-80,-65,-97,2
980,-79,-69,-91,2
981,-78,-69,-91,2
982,-91,-65,-91,2
983,-90,-70,-94,2
984,-80,-69,-91,2
985,-82,-65,-93,2
986,-89,-68,-91,2
987,-999,-999,-999,2
988,-999,-999,-999,2
989,-90,-68,-91,2
990,-82,-64,-92,2
991,-91,-68,-90,2
992,-81,-65,-92,2
993,-82,-65,-92,2
994,-91,-68,-90,2
995,-82,-65,-94,2
996,-999,-999,-999,2
997,-79,-69,-91,2
998,-91,-68,-92,2
999,-80,-69,-92,2
1000,-89,-68,-92,2
1001,-80,-70,-92,2
1002,-90,-68,-92,2
1003,-90,-70,-91,2
1004,-999,-999,-999,2
1005,-80,-65,-91,2
1006,-78,-68,-91,2
1007,-92,-69,-92,2
1008,-94,-68,-92,2
1009,-82,-65,-93,2
1010,-92,-68,-91,2
1011,-83,-65,-92,2
1012,-89,-68,-91,2
1013,-79,-70,-92,2
1014,-999,-999,-999,2
1015,-80,-70,-91,2
1016,-79,-65,-90,2
1017,-79,-65,-90,2
1018,-80,-69,-89,2
1019,-999,-999,-999,2
1020,-90,-67,-91,2
1021,-62,-78,-999,1
1022,-62,-75,-999,1
1023,-999,-78,-999,1
1024,-67,-85,-999,1
1025,-74,-78,-999,1
1026,-999,-999,-999,1
1027,-67,-95,-999,1
1028,-70,-81,-999,1
1029,-67,-88,-999,1
1030,-999,-999,-999,1
1031,-68,-999,-999,1
1032,-69,-78,-999,1
1033,-67,-87,-999,1
1034,-67,-78,-999,1
1035,-999,-999,-999,1
1036,-76,-78,-999,1
1037,-999,-999,-999,1
1038,-69,-79,-999,1
1039,-69,-96,-999,1
1040,-999,-999,-999,1
1041,-67,-84,-999,1
1042,-66,-78,-999,1
1043,-69,-80,-999,1
1044,-67,-87,-999,1
1045,-999,-999,-999,1
1046,-65,-79,-999,1
1047,-65,-89,-999,1
1048,-69,-80,-999,1
1049,-69,-80,-999,1
1050,-999,-999,-999,1
1051,-66,-81,-999,1
1052,-69,-80,-999,1
1053,-67,-90,-999,1
1054,-65,-82,-999,1
1055,-999,-999,-999,1
1056,-999,-999,-999,1
1057,-68,-85,-999,1
1058,-999,-999,-999,1
1059,-65,-80,-999,1
1060,-68,-81,-999,1
1061,-68,-84,-999,1
1062,-68,-85,-999,1
1063,-65,-80,-999,1
1064,-999,-999,-999,1
1065,-67,-87,-999,1
1066,-65,-79,-999,1
1067,-68,-80,-999,1
1068,-999,-999,-999,1
1069,-999,-999,-999,1
1070,-69,-85,-999,1
1071,-65,-78,-999,1
1072,-999,-999,-999,1
1073,-65,-79,-999,1
1074,-71,-84,-999,1
1075,-65,-83,-999,1
1076,-63,-78,-999,1
1077,-999,-999,-999,1
1078,-65,-88,-999,1
1079,-64,-86,-999,1
1080,-64,-80,-999,1
1081,-68,-80,-999,1
1082,-68,-78,-999,1
1083,-999,-999,-999,1
1084,-64,-82,-999,1
1085,-68,-81,-999,1
1086,-999,-999,-999,1
1087,-64,-79,-999,1
1088,-68,-79,-999,1
1089,-68,-90,-999,1
1090,-64,-78,-999,1
1091,-68,-91,-999,1
1092,-999,-84,-999,1
1093,-65,-78,-999,1
1094,-999,-999,-999,1
1095,-69,-80,-999,1
1096,-999,-999,-999,1
1097,-69,-91,-999,1
1098,-70,-90,-999,1
1099,-65,-78,-999,1
1100,-69,-82,-999,1
1101,-64,-80,-999,1
1102,-68,-78,-999,1
1103,-999,-999,-999,1
1104,-65,-77,-999,1
1105,-69,-80,-999,1
1106,-70,-98,-999,1
1107,-65,-79,-999,1
1108,-66,-94,-999,1
1109,-66,-78,-999,1
1110,-67,-80,-999,1
1111,-68,-999,-999,1
1112,-68,-999,-999,1
1113,-68,-79,-999,1
1114,-69,-97,-999,1
1115,-69,-79,-999,1
1116,-68,-79,-999,1
1117,-999,-999,-999,1
1118,-63,-78,-999,1
1119,-70,-79,-999,1
1120,-65,-80,-999,1
1121,-999,-999,-999,1
1122,-67,-100,-999,1
1123,-63,-78,-999,1
1124,-63,-77,-999,1
1125,-63,-78,-999,1
1126,-68,-999,-999,1
1127,-65,-80,-999,1
1128,-65,-98,-999,1
1129,-65,-99,-999,1
1130,-64,-78,-999,1
1131,-67,-97,-999,1
1132,-999,-999,-999,1
1133,-67,-79,-999,1
1134,-67,-92,-999,1
1135,-68,-79,-999,1
1136,-67,-93,-999,1
1137,-67,-93,-999,1
1138,-999,-999,-999,1
1139,-67,-78,-999,1
1140,-66,-99,-999,1
1141,-999,-999,-999,1
1142,-67,-95,-999,1
1143,-63,-78,-999,1
1144,-68,-78,-999,1
1145,-67,-94,-999,1
1146,-69,-78,-999,1
1147,-72,-78,-999,1
1148,-63,-80,-999,1
1149,-71,-88,-999,1
1150,-64,-77,-999,1
1151,-69,-79,-999,1
1152,-67,-94,-999,1
1153,-68,-79,-999,1
1154,-66,-93,-999,1
1155,-64,-77,-999,1
1156,-69,-79,-999,1
1157,-999,-999,-999,1
1158,-64,-78,-999,1
1159,-69,-78,-999,1
1160,-68,-98,-999,1
1161,-64,-999,-999,1
1162,-65,-96,-999,1
1163,-64,-78,-999,1
1164,-69,-78,-999,1
1165,-65,-999,-999,1
1166,-69,-79,-999,1
1167,-65,-95,-999,1
1168,-64,-78,-999,1
1169,-69,-79,-999,1
1170,-63,-78,-999,1
1171,-69,-78,-999,1
1172,-71,-999,-999,1
1173,-64,-78,-999,1
1174,-68,-77,-999,1
1175,-64,-78,-999,1
1176,-64,-76,-999,1
1177,-68,-77,-999,1
1178,-68,-80,-999,1
1179,-69,-80,-999,1
1180,-68,-79,-999,1
1181,-68,-93,-999,1
1182,-64,-81,-999,1
1183,-67,-94,-999,1
1184,-64,-79,-999,1
1185,-999,-999,-999,1
1186,-68,-93,-999,1
1187,-66,-77,-999,1
1188,-67,-85,-999,1
1189,-999,-999,-999,1
1190,-67,-79,-999,1
1191,-66,-94,-999,1
1192,-63,-77,-999,1
1193,-69,-78,-999,1
1194,-63,-77,-999,1
1195,-69,-77,-999,1
1196,-67,-98,-999,1
1197,-64,-76,-999,1
1198,-67,-97,-999,1
1199,-64,-94,-999,1
1200,-71,-79,-999,1
1201,-67,-77,-999,1
1202,-68,-80,-999,1
1203,-66,-999,-999,1
1204,-67,-80,-999,1
1205,-69,-80,-999,1
1206,-64,-80,-999,1
1207,-68,-80,-999,1
1208,-999,-999,-999,1
1209,-64,-78,-999,1
1210,-66,-999,-999,1
1211,-64,-78,-999,1
1212,-999,-999,-999,1
1213,-66,-78,-999,1
1214,-64,-77,-999,1
1215,-66,-999,-999,1
1216,-999,-999,-999,1
1217,-68,-80,-999,1
1218,-66,-85,-999,1
1219,-64,-79,-999,1
1220,-999,-999,-999,1
1221,-66,-79,-999,1
1222,-68,-79,-999,1
1223,-69,-79,-999,1
1224,-70,-80,-999,1
1225,-69,-999,-999,1
1226,-64,-78,-999,1
1227,-69,-79,-999,1
1228,-66,-999,-999,1
1229,-66,-999,-999,1
1230,-69,-80,-999,1
1231,-67,-80,-999,1
1232,-64,-79,-999,1
1233,-71,-78,-999,1
1234,-999,-999,-999,1
1235,-63,-78,-999,1
1236,-68,-80,-999,1
1237,-69,-90,-999,1
1238,-62,-80,-999,1
1239,-69,-81,-999,1
1240,-67,-96,-999,1
1241,-63,-82,-999,1
1242,-69,-79,-999,1
1243,-999,-999,-999,1
1244,-70,-79,-999,1
1245,-69,-94,-999,1
1246,-69,-91,-999,1
1247,-62,-80,-999,1
1248,-62,-80,-999,1
1249,-69,-80,-999,1
1250,-999,-999,-999,1
1251,-999,-999,-999,1
1252,-62,-80,-999,1
1253,-70,-80,-999,1
1254,-66,-94,-999,1
1255,-62,-79,-999,1
1256,-999,-999,-999,1
1257,-66,-93,-999,1
1258,-62,-78,-999,1
1259,-69,-80,-999,1
1260,-66,-91,-999,1
1261,-68,-80,-999,1
1262,-68,-80,-999,1
1263,-64,-80,-999,1
1264,-69,-79,-999,1
1265,-999,-999,-999,1
1266,-999,-999,-999,1
1267,-64,-78,-999,1
1268,-69,-80,-999,1
1269,-68,-80,-999,1
1270,-67,-92,-999,1
1271,-63,-80,-999,1
1272,-999,-999,-999,1
1273,-68,-90,-999,1
1274,-67,-90,-999,1
1275,-68,-80,-999,1
1276,-68,-90,-999,1
1277,-999,-999,-999,1
1278,-64,-77,-999,1
1279,-68,-79,-999,1
1280,-76,-83,-999,1
1281,-66,-78,-999,1
1282,-999,-999,-999,1
1283,-999,-999,-999,1
1284,-69,-86,-999,1
1285,-999,-81,-999,1
1286,-66,-80,-999,1
1287,-70,-80,-999,1
1288,-66,-85,-999,1
1289,-69,-80,-999,1
1290,-70,-86,-999,1
1291,-66,-82,-999,1
1292,-999,-999,-999,1
1293,-63,-78,-999,1
1294,-65,-80,-999,1
1295,-68,-90,-999,1
1296,-63,-78,-999,1
1297,-67,-89,-999,1
1298,-62,-78,-999,1
1299,-68,-80,-999,1
1300,-67,-88,-999,1
1301,-68,-86,-999,1
1302,-63,-79,-999,1
1303,-68,-81,-999,1
1304,-68,-86,-999,1
1305,-68,-80,-999,1
1306,-67,-87,-999,1
1307,-63,-80,-999,1
1308,-69,-80,-999,1
1309,-999,-999,-999,1
1310,-62,-80,-999,1
1311,-69,-80,-999,1
1312,-67,-86,-999,1
1313,-62,-79,-999,1
1314,-62,-79,-999,1
1315,-69,-80,-999,1
1316,-62,-79,-999,1
1317,-69,-80,-999,1
1318,-62,-78,-999,1
1319,-62,-78,-999,1
1320,-67,-87,-999,1
1321,-62,-78,-999,1
1322,-999,-999,-999,1
1323,-66,-88,-999,1
1324,-63,-79,-999,1
1325,-66,-86,-999,1
1326,-999,-999,-999,1
1327,-69,-80,-999,1
1328,-66,-87,-999,1
1329,-68,-80,-999,1
1330,-999,-999,-999,1
1331,-63,-78,-999,1
1332,-69,-83,-999,1
1333,-67,-88,-999,1
1334,-62,-78,-999,1
1335,-66,-87,-999,1
1336,-66,-88,-999,1
1337,-69,-80,-999,1
1338,-66,-87,-999,1
1339,-999,-999,-999,1
1340,-68,-80,-999,1
1341,-62,-78,-999,1
1342,-69,-80,-999,1
1343,-69,-81,-999,1
1344,-999,-999,-999,1
1345,-64,-79,-999,1
1346,-69,-80,-999,1
1347,-64,-79,-999,1
1348,-999,-999,-999,1
1349,-67,-86,-999,1
1350,-63,-80,-999,1
1351,-71,-80,-999,1
1352,-70,-81,-999,1
1353,-67,-87,-999,1
1354,-63,-81,-999,1
1355,-69,-80,-999,1
1356,-72,-85,-999,1
1357,-70,-80,-999,1
1358,-69,-83,-999,1
1359,-65,-999,-999,1
1360,-66,-90,-999,1
1361,-69,-80,-999,1
1362,-999,-999,-999,1
1363,-63,-77,-999,1
1364,-66,-82,-999,1
1365,-63,-80,-999,1
1366,-64,-80,-999,1
1367,-71,-82,-999,1
1368,-65,-79,-999,1
1369,-68,-80,-999,1
1370,-69,-82,-999,1
1371,-999,-999,-999,1
1372,-68,-80,-999,1
1373,-67,-86,-999,1
1374,-71,-80,-999,1
1375,-999,-999,-999,1
1376,-62,-80,-999,1
1377,-68,-80,-999,1
1378,-68,-87,-999,1
1379,-64,-80,-999,1
1380,-67,-87,-999,1
1381,-63,-77,-999,1
1382,-999,-999,-999,1
1383,-67,-79,-999,1
1384,-67,-85,-999,1
1385,-999,-999,-999,1
1386,-68,-85,-999,1
1387,-64,-77,-999,1
1388,-999,-999,-999,1
1389,-67,-80,-999,1
1390,-71,-86,-999,1
1391,-67,-80,-999,1
1392,-67,-88,-999,1
1393,-67,-87,-999,1
1394,-67,-78,-999,1
1395,-68,-81,-999,1
1396,-68,-80,-999,1
1397,-67,-80,-999,1
1398,-62,-80,-999,1
1399,-999,-999,-999,1
1400,-62,-78,-999,1
1401,-67,-80,-999,1
1402,-67,-86,-999,1
1403,-999,-999,-999,1
1404,-67,-85,-999,1
1405,-63,-77,-999,1
1406,-67,-80,-999,1
1407,-68,-86,-999,1
1408,-67,-80,-999,1
1409,-68,-80,-999,1
1410,-62,-78,-999,1
1411,-68,-80,-999,1
1412,-999,-999,-999,1
1413,-999,-999,-999,1
1414,-62,-79,-999,1
1415,-67,-80,-999,1
1416,-67,-999,-999,1
1417,-67,-85,-999,1
1418,-62,-999,-999,1
1419,-67,-84,-999,1
1420,-67,-86,-999,1
1421,-62,-78,-999,1
1422,-68,-79,-999,1
1423,-62,-78,-999,1
1424,-67,-80,-999,1
1425,-67,-84,-999,1
1426,-62,-78,-999,1
1427,-999,-999,-999,1
1428,-999,-999,-999,1
1429,-62,-77,-999,1
1430,-67,-80,-999,1
1431,-69,-85,-999,1
1432,-63,-77,-999,1
1433,-77,-85,-999,1
1434,-69,-84,-999,1
1435,-63,-78,-999,1
1436,-67,-81,-999,1
1437,-62,-82,-999,1
1438,-66,-80,-999,1
1439,-62,-78,-999,1
1440,-62,-78,-999,1
1441,-65,-80,-999,1
1442,-65,-84,-999,1
1443,-62,-78,-999,1
1444,-66,-81,-999,1
1445,-67,-999,-999,1
1446,-67,-84,-999,1
1447,-999,-999,-999,1
1448,-65,-85,-999,1
1449,-66,-81,-999,1
1450,-66,-86,-999,1
1451,-66,-81,-999,1
1452,-65,-86,-999,1
1453,-62,-78,-999,1
1454,-66,-80,-999,1
1455,-66,-84,-999,1
1456,-62,-80,-999,1
1457,-63,-77,-999,1
1458,-67,-82,-999,1
1459,-65,-83,-999,1
1460,-62,-77,-999,1
1461,-999,-999,-999,1
1462,-65,-85,-999,1
1463,-62,-78,-999,1
1464,-66,-80,-999,1
1465,-64,-84,-999,1
1466,-65,-80,-999,1
1467,-65,-84,-999,1
1468,-65,-83,-999,1
1469,-67,-81,-999,1
1470,-67,-80,-999,1
1471,-62,-79,-999,1
1472,-66,-80,-999,1
1473,-65,-85,-999,1
1474,-999,-999,-999,1
1475,-65,-86,-999,1
1476,-63,-80,-999,1
1477,-63,-79,-999,1
1478,-66,-80,-999,1
1479,-63,-80,-999,1
1480,-65,-87,-999,1
1481,-65,-88,-999,1
1482,-66,-80,-999,1
1483,-65,-88,-999,1
1484,-68,-80,-999,1
1485,-65,-77,-999,1
1486,-999,-999,-999,1
1487,-68,-82,-999,1
1488,-999,-999,-999,4
1489,-999,-999,-999,4
1490,-999,-999,-999,4
1491,-999,-999,-999,4
1492,-999,-999,-999,4
1493,-999,-999,-999,4
1494,-999,-999,-999,4
1495,-999,-999,-999,4
1496,-999,-999,-999,4
1497,-999,-999,-999,4
1498,-999,-999,-999,4
1499,-999,-999,-999,4
1500,-999,-999,-999,4
1501,-999,-999,-999,4
1502,-999,-999,-999,4
1503,-999,-999,-999,4
1504,-999,-999,-999,4
1505,-999,-999,-999,4
1506,-999,-999,-999,4
1507,-999,-999,-999,4
1508,-999,-999,-999,4
1509,-999,-999,-999,4
1510,-999,-999,-999,4
1511,-999,-999,-999,4
1512,-999,-999,-999,4
1513,-999,-999,-999,4
1514,-999,-999,-999,4
1515,-999,-999,-999,4
1516,-999,-999,-999,4
1517,-999,-999,-999,4
1518,-999,-999,-999,4
1519,-999,-999,-999,4
1520,-999,-999,-999,4
1521,-999,-999,-999,4
1522,-999,-999,-999,4
1523,-999,-999,-999,4
1524,-999,-999,-999,4
1525,-999,-999,-999,4
1526,-999,-999,-999,4
1527,-999,-999,-999,4
1528,-999,-999,-999,4
1529,-999,-999,-999,4
1530,-999,-999,-999,4
1531,-999,-999,-999,4
1532,-999,-999,-999,4
1533,-999,-999,-999,4
1534,-999,-999,-999,4
1535,-999,-999,-999,4
1536,-999,-999,-999,4
1537,-999,-999,-999,4
1538,-999,-999,-999,4
1539,-999,-999,-999,4
1540,-999,-999,-999,4
1541,-999,-999,-999,4
1542,-999,-999,-999,4
1543,-999,-999,-999,4
1544,-999,-999,-999,4
1545,-999,-999,-999,4
1546,-999,-999,-999,4
1547,-999,-999,-999,4
1548,-999,-999,-999,4
1549,-999,-999,-999,4
1550,-999,-999,-999,4
1551,-999,-999,-999,4
1552,-999,-999,-999,4
1553,-999,-999,-999,4
1554,-999,-999,-999,4
1555,-999,-999,-999,4
1556,-999,-999,-999,4
1557,-999,-999,-999,4
1558,-999,-999,-999,4
1559,-999,-999,-999,4
1560,-999,-999,-999,4
1561,-999,-999,-999,4
1562,-999,-999,-999,4
1563,-999,-999,-999,4
1564,-999,-999,-999,4
1565,-999,-999,-999,4
1566,-999,-999,-999,4
1567,-999,-999,-999,4
1568,-999,-999,-999,4
1569,-999,-999,-999,4
1570,-999,-999,-999,4
1571,-999,-999,-999,4
1572,-999,-999,-999,4
1573,-999,-999,-999,4
1574,-999,-999,-999,4
1575,-999,-999,-999,4
1576,-999,-999,-999,4
1577,-999,-999,-999,4
1578,-999,-999,-999,4
1579,-999,-999,-999,4
1580,-999,-999,-999,4
1581,-999,-999,-999,4
1582,-999,-999,-999,4
1583,-999,-999,-999,4
1584,-999,-999,-999,4
1585,-999,-999,-999,4
1586,-999,-999,-999,4
1587,-999,-999,-999,4
1588,-999,-999,-999,4
1589,-999,-999,-999,4
1590,-999,-999,-999,4
1591,-999,-999,-999,4
1592,-999,-999,-999,4
1593,-999,-999,-999,4
1594,-999,-999,-999,4
1595,-999,-999,-999,4
1596,-999,-999,-999,4
1597,-999,-999,-999,4
1598,-999,-999,-999,4
1599,-999,-999,-999,4
1600,-999,-999,-999,4
1601,-999,-999,-999,4
1602,-999,-999,-999,4
1603,-999,-999,-999,4
1604,-999,-999,-999,4
1605,-999,-999,-999,4
1606,-999,-999,-999,4
1607,-999,-999,-999,4
1608,-999,-999,-999,4
1609,-999,-999,-999,4
1610,-999,-999,-999,4
1611,-999,-999,-999,4
1612,-999,-999,-999,4
1613,-999,-999,-999,4
1614,-999,-999,-999,4
1615,-999,-999,-999,4
1616,-999,-999,-999,4
1617,-999,-999,-999,4
1618,-999,-999,-999,4
1619,-999,-999,-999,4
1620,-999,-999,-999,4
1621,-999,-999,-999,4
1622,-999,-999,-999,4
1623,-999,-999,-999,4
1624,-999,-999,-999,4
1625,-999,-999,-999,4
1626,-999,-999,-999,4
1627,-999,-999,-999,4
1628,-999,-999,-999,4
1629,-999,-999,-999,4
1630,-999,-999,-999,4
1631,-999,-999,-999,4
1632,-999,-999,-999,4
1633,-999,-999,-999,4
1634,-999,-999,-999,4
1635,-999,-999,-999,4
1636,-999,-999,-999,4
1637,-999,-999,-999,4
1638,-999,-999,-999,4
1639,-999,-999,-999,4
1640,-999,-999,-999,4
1641,-999,-999,-999,4
1642,-999,-999,-999,4
1643,-999,-999,-999,4
1644,-999,-999,-999,4
1645,-999,-999,-999,4
1646,-999,-999,-999,4
1647,-999,-999,-999,4
1648,-999,-999,-999,4
1649,-999,-999,-999,4
1650,-999,-999,-999,1
1651,-999,-999,-999,1
